{"cameraMode":{"drawMode":0,"name":"Shaded","section":"Shading Mode"},"sceneLighting":false,"audioPlay":false,"sceneViewState":{"showFog":true,"showMaterialUpdate":false,"showSkybox":false,"showFlares":true,"showImageEffects":true,"showParticleSystems":true},"in2DMode":false,"pivot":{"x":0.12000000476837158,"y":-2.569999933242798,"z":0.0},"rotation":{"x":0.04169749841094017,"y":0.0029929764568805696,"z":-0.00012429564958438277,"w":0.9991287589073181},"size":0.2506270408630371,"orthographic":false}